,palabra,similitud
0,reina,0.7628368735313416
1,princesa,0.6654273271560669
2,consorte,0.6648043990135193
3,sibila,0.6531728506088257
4,isabel,0.649988055229187
