,palabra,similitud
0,amarillo,0.9058916568756104
1,azul,0.9027150273323059
2,blanco,0.8660220503807068
3,negro,0.852925181388855
4,anaranjado,0.8431640863418579
